Name,Count,Channel
Kim,1021,Khan Academy
Mark Graber,7,Khan Academy
Michael Rappaport,8,Khan Academy
Graber,5,Khan Academy
Articles,7,Khan Academy
George Washington,85,Khan Academy
Alexander Hamilton,83,Khan Academy
James Madison,140,Khan Academy
Hamilton,59,Khan Academy
Madison,126,Khan Academy
Patrick Henry,6,Khan Academy
Samuel Adams,6,Khan Academy
Dred Scott v. Sanford,10,Khan Academy
Dred Scott,140,Khan Academy
Christopher Bracey,7,Khan Academy
Peter,8,Khan Academy
Elizabeth Taylor Blow,12,Khan Academy
Peter Blow,14,Khan Academy
Emerson,38,Khan Academy
Irene Sanford,6,Khan Academy
Dred Scott's,11,Khan Academy
John Sanford,6,Khan Academy
Taney,21,Khan Academy
John C. Calhoun,4,Khan Academy
Abraham Lincoln,273,Khan Academy
Roger B. Taney,4,Khan Academy
Harriet,10,Khan Academy
Kermit Roosevelt,6,Khan Academy
Michael Ramsey,6,Khan Academy
Roosevelt,92,Khan Academy
Lincoln,18,Khan Academy
Marbury,29,Khan Academy
Michael Claremont,5,Khan Academy
Law,18,Khan Academy
Kevin Walsh,8,Khan Academy
Walsh,5,Khan Academy
John Adams,61,Khan Academy
Thomas Jefferson,147,Khan Academy
Jefferson,71,Khan Academy
William Marbury,33,Khan Academy
John Marshall,143,Khan Academy
Adams,7,Khan Academy
John Marshall's,15,Khan Academy
Trump,11,Khan Academy
Truman,23,Khan Academy
Jeff Rosen,30,Khan Academy
Richard Garnett,10,Khan Academy
Alexander Hamilton's,6,Khan Academy
Andrew Jackson,116,Khan Academy
trumps,4,Khan Academy
Alan Gura,37,Khan Academy
Adam Winkler,18,Khan Academy
The Battle of Lexington,6,Khan Academy
Miller,32,Khan Academy
Heller,39,Khan Academy
Sal,38,Khan Academy
Jeffrey Rosen,57,Khan Academy
James Wilson,21,Khan Academy
King George,10,Khan Academy
Brexit,5,Khan Academy
Jacobson,10,Khan Academy
Harlan,10,Khan Academy
Ernesto Miranda,82,Khan Academy
Miranda,64,Khan Academy
Paul Cassell,5,Khan Academy
Patricia,16,Khan Academy
Ernesto Miranda's,20,Khan Academy
Hugo Black,5,Khan Academy
John Flynn,5,Khan Academy
Flynn,12,Khan Academy
Telford Taylor,5,Khan Academy
Cassell,11,Khan Academy
Tracy Mears,11,Khan Academy
Oren Kerr,10,Khan Academy
Kerr,21,Khan Academy
Mears,30,Khan Academy
Assistance,5,Khan Academy
Rosa Parks,4,Khan Academy
Jim Crow,107,Khan Academy
Plessy,148,Khan Academy
Ferguson,122,Khan Academy
Jamal Green,7,Khan Academy
Homer Plessy,10,Khan Academy
Brown,34,Khan Academy
Rick Hasson,14,Khan Academy
Bradley Smith,21,Khan Academy
Smith,8,Khan Academy
Jones,12,Khan Academy
Bush,20,Khan Academy
George W. Bush,25,Khan Academy
McConnell,10,Khan Academy
Citizens United,36,Khan Academy
Hillary the Movie,8,Khan Academy
Hillary Clinton,50,Khan Academy
Barack Obama,25,Khan Academy
Obama,61,Khan Academy
Benjamin Blumen,8,Khan Academy
Sonia West,5,Khan Academy
Donald Trump,34,Khan Academy
Irwin Chemerinsky,20,Khan Academy
Dean,8,Khan Academy
Michael McConnell,14,Khan Academy
Chemerinsky,14,Khan Academy
Gutenberg,6,Khan Academy
Potter Stewart,6,Khan Academy
Ilya Somen,11,Khan Academy
Heather Gerkin,6,Khan Academy
Neil Gorsuch,5,Khan Academy
Richard Nixon,15,Khan Academy
Nixon,23,Khan Academy
Andrew Johnson,36,Khan Academy
Bill Clinton,22,Khan Academy
marijuana,16,Khan Academy
Baker,107,Khan Academy
Carr,86,Khan Academy
Theodore Olson,7,Khan Academy
Gibson Dunn,5,Khan Academy
Guy Charles,5,Khan Academy
Edward,5,Khan Academy
Ellen Schwartzman,5,Khan Academy
Earl Warren,6,Khan Academy
Charles Baker,27,Khan Academy
Randy Barnett,22,Khan Academy
Neil Siegel,6,Khan Academy
Barnett,17,Khan Academy
McCulloch,40,Khan Academy
Edmund Randolph,9,Khan Academy
James McCulloch,18,Khan Academy
Marshall,44,Khan Academy
Robert Shapiro,5,Khan Academy
David Strauss,31,Khan Academy
Strauss,13,Khan Academy
McDonald,6,Khan Academy
Elizabeth Wydra,23,Khan Academy
Otis McDonald,26,Khan Academy
Alito,14,Khan Academy
Thomas,23,Khan Academy
Scalia,12,Khan Academy
Erin Holly,14,Khan Academy
Erin Holly's,5,Khan Academy
Gabriel Chin,11,Khan Academy
Clinton,20,Khan Academy
Thomas Jefferson's,18,Khan Academy
Benjamin Franklin,8,Khan Academy
Richard Epstein,12,Khan Academy
colonists,4,Khan Academy
Griswold,20,Khan Academy
Douglas,15,Khan Academy
Jeffrey Fisher,6,Khan Academy
Walter Raleigh,27,Khan Academy
Fisher,10,Khan Academy
Kurt Lash,6,Khan Academy
George Mason,10,Khan Academy
Gerry,5,Khan Academy
John Bingham,10,Khan Academy
Roger Sherman,2,Khan Academy
Clark Forsythe,15,Khan Academy
Melissa Murray,12,Khan Academy
Alexander F.,6,Khan Academy
May T. Morrison,6,Khan Academy
Norma McCorvey,42,Khan Academy
Jane Roe,11,Khan Academy
Sarah Weddington,12,Khan Academy
Linda Coffey,7,Khan Academy
Wade,15,Khan Academy
Henry Wade,6,Khan Academy
William O. Douglas,5,Khan Academy
Rehnquist,15,Khan Academy
White,5,Khan Academy
Frank Church,5,Khan Academy
Harris,5,Khan Academy
Casey,5,Khan Academy
Hellerstedt,9,Khan Academy
Stephen Breyer,10,Khan Academy
Oliver Brown,13,Khan Academy
Linda Brown,6,Khan Academy
Theodore Shaw,11,Khan Academy
Richard,6,Khan Academy
Kenneth Clark,6,Khan Academy
Leon Higginbotham,6,Khan Academy
Martin Luther King,15,Khan Academy
Thurgood Marshall,11,Khan Academy
Sai Prakash,8,Khan Academy
Michael Gerhart,7,Khan Academy
Gerhart,9,Khan Academy
Prakash,7,Khan Academy
Franklin Roosevelt,18,Khan Academy
John Stineford,6,Khan Academy
Jeffries,6,Khan Academy
Aldgate,6,Khan Academy
Livermore,9,Khan Academy
Anthony Kennedy,6,Khan Academy
Breyer,6,Khan Academy
Jekyll,5,Khan Academy
Hyde,6,Khan Academy
FDR,19,Khan Academy
Ronald Reagan,23,Khan Academy
Barack Obama's,3,Khan Academy
Milton Friedman,7,Khan Academy
Fidel Castro,18,Khan Academy
Kennedy,33,Khan Academy
John F. Kennedy,11,Khan Academy
Batista,6,Khan Academy
Kim Il-sung,7,Khan Academy
Syngman Rhee,8,Khan Academy
Mao Zedong,7,Khan Academy
David,111,Khan Academy
Harry Truman,5,Khan Academy
Joseph Stalin,10,Khan Academy
Stalin,14,Khan Academy
Hitler,43,Khan Academy
Johnson,12,Khan Academy
Lyndon B. Johnson,1,Khan Academy
Karl Marx,15,Khan Academy
Vladimir Lenin,7,Khan Academy
Karl Marx's,6,Khan Academy
Mark Twain,9,Khan Academy
Jamestown,20,Khan Academy
John Winthrop,2,Khan Academy
William Penn,10,Khan Academy
Penn,2,Khan Academy
John White,21,Khan Academy
John Smith,7,Khan Academy
Christopher Columbus,118,Khan Academy
Elizabeth,6,Khan Academy
Mary,8,Khan Academy
Queen Elizabeth,8,Khan Academy
Ben Franklin,7,Khan Academy
Humphrey Gilbert,7,Khan Academy
Nathaniel Bacon,3,Khan Academy
Ulysses S. Grant,40,Khan Academy
Robert E. Lee,89,Khan Academy
George Meade,11,Khan Academy
George McClellan,30,Khan Academy
Appomattox,6,Khan Academy
Robert E. Lee's,13,Khan Academy
Harriet Beecher Stowe,39,Khan Academy
Tom,18,Khan Academy
Uncle Tom,8,Khan Academy
Eva,2,Khan Academy
Jesus,5,Khan Academy
Uncle Tom's,3,Khan Academy
Cotton,3,Khan Academy
Frederick Douglass,16,Khan Academy
John Brown,4,Khan Academy
Harriet Scott,6,Khan Academy
Walter Isaacson,11,Khan Academy
Jeffrey,26,Khan Academy
Oprah,2,Khan Academy
Harry Potter,4,Khan Academy
William Tecumseh Sherman,27,Khan Academy
James Buchanan,4,Khan Academy
Jefferson Davis,4,Khan Academy
Antietam,13,Khan Academy
Green,3,Khan Academy
The Battle of Gettysburg,7,Khan Academy
Edward Everett,21,Khan Academy
William Seward,4,Khan Academy
William Lloyd Garrison,2,Khan Academy
John Wilkes Booth,4,Khan Academy
Abraham Lincoln's,34,Khan Academy
George B. McClellan,30,Khan Academy
Bull Run,14,Khan Academy
Rutherford B. Hayes,8,Khan Academy
Hayes,2,Khan Academy
Oliver Wendell Holmes,2,Khan Academy
Winfield Scott,4,Khan Academy
Zachary Taylor,3,Khan Academy
James K. Polk,12,Khan Academy
Zachary Taylor's,1,Khan Academy
William Tecumseh Sherman's,6,Khan Academy
Sherman,6,Khan Academy
Grant,5,Khan Academy
Henry Clay,10,Khan Academy
Shaw,7,Khan Academy
Martin Luther King Jr.,10,Khan Academy
John Adams',4,Khan Academy
Sal Khan,19,Khan Academy
Bibas,16,Khan Academy
John Bestler,13,Khan Academy
Bestler,9,Khan Academy
Donald Dripps,5,Khan Academy
Stephen Salzburg,12,Khan Academy
Wallace,6,Khan Academy
Magna Carta,5,Khan Academy
King John,5,Khan Academy
Northerners,2,Khan Academy
Everett,9,Khan Academy
Congressperson,6,Khan Academy
Amy Green,16,Khan Academy
Ken Rose,15,Khan Academy
George W. Bush's,9,Khan Academy
John,5,Khan Academy
Mitt Romney,9,Khan Academy
John McCain,4,Khan Academy
John Kerry,4,Khan Academy
Hillary Clinton's,4,Khan Academy
Franklin D. Roosevelt,9,Khan Academy
Jimmy Carter,3,Khan Academy
Theodore Roosevelt,20,Khan Academy
Ross Perot,10,Khan Academy
Ross,2,Khan Academy
Donald Trump's,6,Khan Academy
Reagan,13,Khan Academy
Martin Luther King's,18,Khan Academy
Otis McDonald's,5,Khan Academy
Ernesto,27,Khan Academy
Bill,1,Khan Academy
Powell,6,Khan Academy
Grutter,4,Khan Academy
Clarence Thomas,2,Khan Academy
Roe,10,Khan Academy
Martin Luther King Jr.'s,13,Khan Academy
Jacob Riis,21,Khan Academy
Hooray,2,Khan Academy
Andrew Carnegie,10,Khan Academy
J.P. Morgan,10,Khan Academy
John D. Rockefeller,6,Khan Academy
John D. Rockefeller's,2,Khan Academy
Darwin,8,Khan Academy
Spencer,23,Khan Academy
Thomas Edison,1,Khan Academy
North,4,Khan Academy
Lee Chu,19,Khan Academy
Mary Anton,7,Khan Academy
Christopher Columbus's,15,Khan Academy
Isabella,16,Khan Academy
Franklin Delano Roosevelt,100,Khan Academy
Franklin Delano Roosevelt's,25,Khan Academy
Herbert Hoover,12,Khan Academy
Marco Polo,2,Khan Academy
Greeks,2,Khan Academy
Aztecs,6,Khan Academy
Hoover,2,Khan Academy
Daniel Shays,6,Khan Academy
Thomas Paine,2,Khan Academy
Abigail Adams,2,Khan Academy
John Locke,12,Khan Academy
John Locke's,7,Khan Academy
Braddock,2,Khan Academy
Jeff,13,Khan Academy
James Madison's,8,Khan Academy
Jackson,15,Khan Academy
George Washington's,4,Khan Academy
Mitch McConnell,10,Khan Academy
Chuck Grassley,7,Khan Academy
Twitter,3,Khan Academy
Eisenhower,8,Khan Academy
Theodore Roosevelt's,1,Khan Academy
James Monroe,2,Khan Academy
Gerald Ford,6,Khan Academy
Lyndon Johnson's,3,Khan Academy
Lyndon Johnson,4,Khan Academy
George H.W. Bush,2,Khan Academy
Bill Clinton's,2,Khan Academy
Uncle Sam,1,Khan Academy
Hernán Cortés,5,Khan Academy
Pearl Harbor,6,Khan Academy
Adolf Hitler,5,Khan Academy
Vichy France,5,Khan Academy
Winston Churchill,2,Khan Academy
Woodrow Wilson,27,Khan Academy
Teddy Roosevelt,3,Khan Academy
Wilson,21,Khan Academy
Iwo Jima,5,Khan Academy
Ida B. Wells,1,Khan Academy
Woodrow Wilson's,5,Khan Academy
Mussolini,6,Khan Academy
Michel,7,Khan Academy
Lorenzo,16,Khan Academy
Ty,7,Khan Academy
Kiko,5,Khan Academy
John Emerson,7,Khan Academy
Eliza Sanford,6,Khan Academy
Roger Tawny,7,Khan Academy
max,1,Khan Academy
Eleanor Roosevelt,4,Khan Academy
James Henry Hammond,10,Khan Academy
Hmm,1,Khan Academy
Douglass,11,Khan Academy
B.,1,Khan Academy
Grover,15,Khan Academy
Sol Khan,8,Khan Academy
Jeffrey Rose,6,Khan Academy
William Howard Taft,2,Khan Academy
Taft,3,Khan Academy
John Jay,10,Khan Academy
Aaron Burr,1,Khan Academy
Dwight Eisenhower,2,Khan Academy
Andrew Jackson's,14,Khan Academy
Stephen Douglas,4,Khan Academy
William Jennings Bryan,4,Khan Academy
Joe,3,Khan Academy
Federalist Papers,6,Khan Academy
Brutus,24,Khan Academy
Thomas Hobbes,8,Khan Academy
Gore,2,Khan Academy
Alfonso Lopez,5,Khan Academy
John Dickerson,8,Khan Academy
Abigail,1,Khan Academy
O'Connor,2,Khan Academy
Lyman Beecher,7,Khan Academy
John Quincy Adams,23,Khan Academy
Martin Van Buren,2,Khan Academy
William Henry Harrison,6,Khan Academy
William Henry Harrison's,1,Khan Academy
Jesus Christ,2,Khan Academy
Charles Grandison Finney,5,Khan Academy
Monroe,10,Khan Academy
William McKinley,1,Khan Academy
Albert Einstein,1,Khan Academy
Binky Barnes,8,PBS Kids
Buster Baxter's,18,PBS Kids
Buster Baxter,22,PBS Kids
Daniel,1,PBS Kids
Peggy,7,PBS Kids
Eva,1,PBS Kids
Harry,14,PBS Kids
Kitty Academy,7,PBS Kids
Xavier Riddle,41,PBS Kids
Hmm,11,PBS Kids
Grandmaster Flash,8,PBS Kids
Burby,23,PBS Kids
Brad,76,PBS Kids
Yadina,58,PBS Kids
Zoom,48,PBS Kids
Mary Seacole,9,PBS Kids
Barbie,4,PBS Kids
Bill,1,PBS Kids
Mary,4,PBS Kids
Wilma Rudolph,22,PBS Kids
Jonas Salk,19,PBS Kids
Rosa Parks,24,PBS Kids
Thurgood Marshall,5,PBS Kids
Marshall,2,PBS Kids
Kitty,10,PBS Kids
Doom,14,PBS Kids
Jesse Owens,38,PBS Kids
Yummy,1,PBS Kids
Ella Fitzgerald,17,PBS Kids
Kinda,1,PBS Kids
Frederick Douglass,23,PBS Kids
Jimmy,4,PBS Kids
Martin Luther King Jr.,3,PBS Kids
Pierce Freelon,6,PBS Kids
Arthur,3,PBS Kids
Maya Angelou,10,PBS Kids
Maya,2,PBS Kids
Douglass,1,PBS Kids
Abraham Lincoln,15,PBS Kids
Brad Meltzer,65,PBS Kids
Harriet Tubman,23,PBS Kids
Harriet,18,PBS Kids
John Brown,1,PBS Kids
Susan B. Anthony,1,PBS Kids
Hana Ali,12,PBS Kids
Muhammad Ali,21,PBS Kids
Cassius,7,PBS Kids
Ali,2,PBS Kids
Elizabeth,7,PBS Kids
Molly,13,PBS Kids
Elizabeth Peretrovich,6,PBS Kids
Amelia Earhart,26,PBS Kids
Amelia,2,PBS Kids
Billie Jean,8,PBS Kids
Yay,3,PBS Kids
Ta-da,1,PBS Kids
Chris Eliopoulos,6,PBS Kids
Chris,2,PBS Kids
Rogers,5,PBS Kids
Robert,1,PBS Kids
James Madison,11,PBS Kids
James Madison's,3,PBS Kids
Thomas Jefferson,18,PBS Kids
Jefferson,1,PBS Kids
William Henry Harrison,23,PBS Kids
Andrew Jackson,34,PBS Kids
Woodrow Wilson,13,PBS Kids
Teddy Roosevelt,23,PBS Kids
Taft,2,PBS Kids
Woodrow Wilson's,1,PBS Kids
Abe Lincoln,16,PBS Kids
George Washington,21,PBS Kids
George Washington's,5,PBS Kids
Barack Obama's,2,PBS Kids
Barack Obama,5,PBS Kids
Grover Cleveland,12,PBS Kids
Benjamin Harrison,8,PBS Kids
Dwight Eich Eisenhower,14,PBS Kids
Roosevelt,1,PBS Kids
John Kennedy,18,PBS Kids
Nixon,4,PBS Kids
Herbert Hoover,15,PBS Kids
Wilson,1,PBS Kids
Harding,2,PBS Kids
Coolidge,2,PBS Kids
Lyndon Johnson,15,PBS Kids
Kennedy,1,PBS Kids
Lyndon Johnson's,2,PBS Kids
Lewis,1,PBS Kids
Clark,1,PBS Kids
Thomas Jefferson's,2,PBS Kids
John Adams,16,PBS Kids
John Tyler,12,PBS Kids
Richard Nixon's,8,PBS Kids
Richard Nixon,15,PBS Kids
Eisenhower,1,PBS Kids
John F. Kennedy,1,PBS Kids
George Bush,14,PBS Kids
George Bush's,3,PBS Kids
Ronald Reagan,17,PBS Kids
Ronald Reagan's,7,PBS Kids
Reagan,1,PBS Kids
Franklin Pierce,12,PBS Kids
Franklin Pierce's,6,PBS Kids
Jimmy Carter,15,PBS Kids
Jimmy Carter's,4,PBS Kids
James Buchanan,11,PBS Kids
Warren G. Harding,12,PBS Kids
Andrew Johnson,13,PBS Kids
Lincoln,3,PBS Kids
Andrew Johnson's,2,PBS Kids
William McKinley,10,PBS Kids
William McKinley's,3,PBS Kids
Rutherford Hayes,17,PBS Kids
Grant,1,PBS Kids
George W. Bush,12,PBS Kids
George W. Bush's,1,PBS Kids
Al Gore,1,PBS Kids
Chester Arthur,14,PBS Kids
Hayes,1,PBS Kids
Garfield,1,PBS Kids
William Howard Taft,24,PBS Kids
Teddy Roosevelt's,4,PBS Kids
Franklin Delano Roosevelt,13,PBS Kids
Benjamin,3,PBS Kids
Ulysses S. Grant,13,PBS Kids
Ulysses S. Grant's,2,PBS Kids
Martin Van Buren,17,PBS Kids
Calvin Coolidge,14,PBS Kids
John Quincy Adams,13,PBS Kids
Monroe,1,PBS Kids
Henry Clay,1,PBS Kids
Andrew Jackson's,1,PBS Kids
Franklin Roosevelt,2,PBS Kids
Harry Truman,12,PBS Kids
Zachary Taylor,16,PBS Kids
Zachary Taylor's,3,PBS Kids
Push,1,PBS Kids
Millard Fillmore,8,PBS Kids
Bill Clinton,10,PBS Kids
Ross Perot,1,PBS Kids
Bush,1,PBS Kids
Bill Clinton's,2,PBS Kids
Clinton,1,PBS Kids
James Knox Polk,13,PBS Kids
Fillmore,1,PBS Kids
James Monroe,11,PBS Kids
Gerald Ford,13,PBS Kids
James Garfield,14,PBS Kids
Bell,5,PBS Kids
James Naismith,15,PBS Kids
Temple Grandin,118,PBS Kids
Ben,27,PBS Kids
Roberto Clemente,27,PBS Kids
Kristi Yamaguchi,10,PBS Kids
Kristi,11,PBS Kids
Ruth Bader Ginsburg,31,PBS Kids
Gary,4,PBS Kids
Temple Grandin's,33,PBS Kids
Albert Einstein,57,PBS Kids
Abraham Lincoln's,2,PBS Kids
Brad Meltzer's,8,PBS Kids
Albert Einstein's,17,PBS Kids
John Green,634,Crash Course
U.S. History,7,Crash Course
Gerald Ford,11,Crash Course
John Green’s,6,Crash Course
Nixon,19,Crash Course
Stan,162,Crash Course
Jimmy Carter,21,Crash Course
Eric Foner,17,Crash Course
Jimmy Carter's,6,Crash Course
Ronald Reagan,10,Crash Course
George H.W. Bush,37,Crash Course
George Bush,1,Crash Course
Teddy Roosevelt,4,Crash Course
Barbie,1,Crash Course
Dan,3,Crash Course
George H.W. Bush's,7,Crash Course
Jesse Jackson,37,Crash Course
John Green's,61,Crash Course
Rodney King,8,Crash Course
Raul Meyer,15,Crash Course
George W. Bush,27,Crash Course
Herbert Hoover,18,Crash Course
Andrew Jackson,38,Crash Course
Hoover,3,Crash Course
Gatsby,5,Crash Course
Calvin Coolidge,3,Crash Course
Harding,2,Crash Course
Warren G. Harding,1,Crash Course
Oliver Wendell Holmes,3,Crash Course
Klan,5,Crash Course
Coolidge,1,Crash Course
Scopes,5,Crash Course
William Jennings Bryan,4,Crash Course
Rosyana Rojas,5,Crash Course
Thought Cafe,53,Crash Course
Franklin D. Roosevelt,5,Crash Course
FDR,36,Crash Course
Eleanor Roosevelt,4,Crash Course
Nah,2,Crash Course
A. Philip Randolph,26,Crash Course
Bill Clinton,29,Crash Course
Bill Clinton's,14,Crash Course
Hillary Clinton,2,Crash Course
Hillary Clinton's,1,Crash Course
Barack Obama's,22,Crash Course
John,41,Crash Course
Articles,1,Crash Course
Daniel Shays,1,Crash Course
Thomas Jefferson,54,Crash Course
Alexander Hamilton,14,Crash Course
James Madison's,1,Crash Course
Roger Sherman,3,Crash Course
James Madison,13,Crash Course
John Jay,4,Crash Course
Federalist Papers,1,Crash Course
Richard Nixon's,7,Crash Course
Green,8,Crash Course
Lyndon Johnson,12,Crash Course
Barry Goldwater,10,Crash Course
Lyndon Johnson's,8,Crash Course
Richard Nixon,30,Crash Course
Earl Warren,6,Crash Course
Roe,1,Crash Course
Wade,1,Crash Course
Alexander Hamilton's,2,Crash Course
Nathaniel Hawthorne,9,Crash Course
Mark Twain,5,Crash Course
Ralph Waldo Emerson,5,Crash Course
Stan Muller,18,Crash Course
Jamestown,4,Crash Course
William Penn,4,Crash Course
Penn,3,Crash Course
Nathaniel Bacon,3,Crash Course
Paul Revere,1,Crash Course
George Washington's,5,Crash Course
George Washington,28,Crash Course
Danica Johnson,19,Crash Course
George,2,Crash Course
Martin Luther King Jr.,73,Crash Course
Martin Luther King's,1,Crash Course
John F. Kennedy,9,Crash Course
James,1,Crash Course
Martin Luther King,12,Crash Course
Malcolm X,40,Crash Course
Miranda,7,Crash Course
Griswold,1,Crash Course
colonists,3,Crash Course
Crispus Attucks,16,Crash Course
John Adams,21,Crash Course
George III,2,Crash Course
Harry Potter,1,Crash Course
Meredith Danko,17,Crash Course
Ayn Rand,1,Crash Course
Vanderbilt,2,Crash Course
Cornelius Vanderbilt,2,Crash Course
John D. Rockefeller,2,Crash Course
J.P. Morgan,4,Crash Course
Andrew Carnegie,1,Crash Course
Darwin,1,Crash Course
Hamilton,27,Crash Course
Jefferson,29,Crash Course
Abraham Lincoln,32,Crash Course
Andrew,2,Crash Course
Johnson,13,Crash Course
Andrew Johnson's,2,Crash Course
Andrew Johnson,8,Crash Course
Sherman,6,Crash Course
Jefferson Davis,1,Crash Course
Ulysses S. Grant,10,Crash Course
Rutherford B. Hayes,4,Crash Course
Hayes,3,Crash Course
Jim Crow,32,Crash Course
Stephen Douglas,6,Crash Course
Dred Scott,20,Crash Course
Thomas Jefferson's,10,Crash Course
James Buchanan,2,Crash Course
James Buchanan's,1,Crash Course
John Brown,10,Crash Course
Roger B. Taney,1,Crash Course
Taney,2,Crash Course
Kim,2,Crash Course
Al Gore,7,Crash Course
George W. Bush's,8,Crash Course
Bush,14,Crash Course
Gore,2,Crash Course
Ronald Reagan's,5,Crash Course
John McCain,2,Crash Course
John Kerry,3,Crash Course
King George,1,Crash Course
Abigail,1,Crash Course
Robert E. Lee,10,Crash Course
Abraham Lincoln's,1,Crash Course
Plunkett,5,Crash Course
Garfield,3,Crash Course
Chester Arthur,1,Crash Course
Benjamin Harrison,1,Crash Course
Bryan,7,Crash Course
William McKinley,6,Crash Course
Henry Clay,6,Crash Course
John Ross,1,Crash Course
William Henry Harrison,4,Crash Course
Bob,5,Crash Course
John C. Calhoun,8,Crash Course
Jackson,14,Crash Course
Theodore Roosevelt,26,Crash Course
Theodore Roosevelt's,5,Crash Course
William Howard Taft,12,Crash Course
Woodrow Wilson,30,Crash Course
Woodrow Wilson's,3,Crash Course
Reagan,62,Crash Course
Jimmy,3,Crash Course
Monticello,1,Crash Course
John Locke,4,Crash Course
Joseph Stalin,2,Crash Course
Harry Truman,2,Crash Course
Roosevelt,16,Crash Course
Truman,7,Crash Course
Marshall,7,Crash Course
Stalin,4,Crash Course
Cotton,3,Crash Course
Greeks,1,Crash Course
Daniel,1,Crash Course
David,2,Crash Course
Harriet Tubman,14,Crash Course
Martin Van Buren,11,Crash Course
James K. Polk,8,Crash Course
Zachary Taylor,2,Crash Course
Winfield Scott,1,Crash Course
William Seward,1,Crash Course
John Smith,5,Crash Course
John Winthrop,3,Crash Course
Grant,1,Crash Course
Barack Obama,43,Crash Course
Aaron Burr,4,Crash Course
John Marshall,9,Crash Course
Madison,12,Crash Course
Lewis,2,Crash Course
Clark,1,Crash Course
Franklin Delano Roosevelt,6,Crash Course
Maria Stewart,37,Crash Course
Harriet Beecher Stowe,3,Crash Course
Uncle Tom's,7,Crash Course
Sarah,1,Crash Course
Frederick Douglass,81,Crash Course
William Lloyd Garrison,8,Crash Course
Luke,2,Crash Course
George McClellan,3,Crash Course
Robert E. Lee's,5,Crash Course
Jesus,2,Crash Course
Thomas Paine,1,Crash Course
Jesus Christ,3,Crash Course
Richard,1,Crash Course
David Walker,8,Crash Course
Rosa Parks,31,Crash Course
Brown,8,Crash Course
Plessy,17,Crash Course
Ferguson,13,Crash Course
Eisenhower,9,Crash Course
Sam,1,Crash Course
Ulysses S. Grant's,3,Crash Course
Walter Raleigh,1,Crash Course
Squanto,4,Crash Course
Twitter,3,Crash Course
Booker T. Washington,21,Crash Course
Wilson,5,Crash Course
Monroe,3,Crash Course
John Quincy Adams,4,Crash Course
Andrew Jackson's,11,Crash Course
Northerners,1,Crash Course
Thomas Edison,1,Crash Course
Grover Cleveland,1,Crash Course
Grover,1,Crash Course
John Boehner,8,Crash Course
Yay,1,Crash Course
North,1,Crash Course
Syngman Rhee,2,Crash Course
Winston Churchill,1,Crash Course
Braddock,2,Crash Course
George Whitefield,6,Crash Course
Churchill,1,Crash Course
Hitler,3,Crash Course
Clint Smith,234,Crash Course
Josephine St. Pierre Ruffin,11,Crash Course
Clint Smith's,40,Crash Course
Grandmaster Flash,2,Crash Course
Anthony Johnson,7,Crash Course
Anthony Johnson's,5,Crash Course
Antonio,3,Crash Course
Bennett,1,Crash Course
Mary,1,Crash Course
Homer Plessy,2,Crash Course
Ida B. Wells,1,Crash Course
Zora Neale Hurston,6,Crash Course
Bobby Seale,9,Crash Course
Elaine Brown,7,Crash Course
Learner Coin,8,Crash Course
Joanne Robinson,7,Crash Course
Emmett,8,Crash Course
DuBois,9,Crash Course
Push,17,Crash Course
King,3,Crash Course
Phyllis Wheatley,29,Crash Course
Phyllis Wheatley's,9,Crash Course
Ben Franklin,1,Crash Course
Jordan,1,Crash Course
Langston Hughes,11,Crash Course
Maya Angelou,1,Crash Course
Jones,1,Crash Course
Spencer,1,Crash Course
Karl Marx,1,Crash Course
Frank Church,1,Crash Course
James W. Stewart,6,Crash Course
Maria Stewart's,8,Crash Course
Dred Scott's,3,Crash Course
Peter Blow,1,Crash Course
John Emerson,3,Crash Course
John Sanford,2,Crash Course
Roger Tawny,1,Crash Course
Shirley Chisholm,29,Crash Course
Obama,3,Crash Course
Trayvon Martin,6,Crash Course
George Zimmerman,6,Crash Course
Michael Brown,5,Crash Course
Taylor,3,Crash Course
Lincoln,1,Crash Course
Farmer Joe,5,Crash Course
Elizabeth Key's,9,Crash Course
Shirley Chisholm's,5,Crash Course
Marcus Garvey,15,Crash Course
Oliver Brown,5,Crash Course
Linda Brown,7,Crash Course
Thurgood Marshall,8,Crash Course
Lyndon B. Johnson,4,Crash Course
marijuana,3,Crash Course
Clinton,9,Crash Course
Charles de L'Anne,16,Crash Course
Harry,4,Crash Course
Shaw,1,Crash Course
Zora Neale,19,Crash Course
Alice Walker,6,Crash Course
Toni Morrison,57,Crash Course
Douglass,2,Crash Course
William,1,Crash Course
Samuel Adams,1,Crash Course
Dunmore,5,Crash Course
Elizabeth,1,Crash Course
Bayard Rustin,18,Crash Course
Morgan,1,Crash Course
Ida B. Wells Barnett,18,Crash Course
Ida B. Wells Barnett's,5,Crash Course
Elizabeth Key,23,Crash Course
Thomas Key,6,Crash Course
John Maltram,5,Crash Course
James Weldon Johnson,5,Crash Course
Peter,1,Crash Course
Marcus Garvey's,5,Crash Course
Latasha Harlins,6,Crash Course
Soon Ja Du,5,Crash Course
Malcolm X's,10,Crash Course
Elijah Muhammad,5,Crash Course
Darren Wilson,5,Crash Course
Eric Garner,6,Crash Course
Toni Morrison's,8,Crash Course
Oprah,5,Crash Course
Martin Luther King Jr.'s,3,Crash Course
Isabella,1,Crash Course
George Fox,10,Crash Course
Clarence Thomas,34,Crash Course
Thomas,2,Crash Course
Anita Hill's,5,Crash Course
Anita Hill,23,Crash Course
Dwight D. Eisenhower,1,Crash Course
Baker,2,Crash Course
Kennedy,1,Crash Course
Emmett Till,8,Crash Course
Roy Bryant,9,Crash Course
J.W. Millam,7,Crash Course
Emmett Till's,6,Crash Course
Mamie Till,5,Crash Course
Frederick Douglass's,17,Crash Course
Sophia,2,Crash Course
Edward Covey,9,Crash Course
Anna Murray,8,Crash Course
God,1,Crash Course
Marsha P. Johnson,30,Crash Course
Sylvia Rivera,6,Crash Course
Jemmy,8,Crash Course
Liberty,1,Crash Course
Craig,794,Crash Course
Taft,2,Crash Course
B.,1,Crash Course
Thomas Hobbes,1,Crash Course
Law,1,Crash Course
Franklin Roosevelt,6,Crash Course
trumps,1,Crash Course
Carr,1,Crash Course
Gerry,1,Crash Course
Hooray,4,Crash Course
Bill,1,Crash Course
Phil,6,Crash Course
Yummy,1,Crash Course
Harrison,1,Crash Course
William Henry Harrison's,1,Crash Course
Robert Shapiro,1,Crash Course
Donald Trump,1,Crash Course
Grutter,1,Crash Course
Hmm,1,Crash Course
Miller,1,Crash Course
John Marshall's,2,Crash Course
Marbury,1,Crash Course
Aztecs,1,Crash Course
Scalia,1,Crash Course
Ruth Bader Ginsburg,1,Crash Course
Breyer,2,Crash Course
Autos Tales,24,PragerU
Jill,182,PragerU
Otto,772,PragerU
Hop,6,PragerU
Otto's Tales,68,PragerU
Smidge,173,PragerU
Ruff,5,PragerU
Dennis,472,PragerU
Duke,9,PragerU
Juan,11,PragerU
Martin Luther King Jr.,23,PragerU
Jim Crow,10,PragerU
Rosa Parks,8,PragerU
Martin Luther King,62,PragerU
King,11,PragerU
Johnson,4,PragerU
Abraham,30,PragerU
George Washington,199,PragerU
Abraham Lincoln,77,PragerU
Hmm,27,PragerU
May,6,PragerU
Wampo,8,PragerU
Prep,7,PragerU
George Washington's,26,PragerU
Washington,9,PragerU
Prager,15,PragerU
Kelly,20,PragerU
Dad,7,PragerU
Otto and Dennis,11,PragerU
Christopher Columbus,11,PragerU
Marco Polo,3,PragerU
Zoom,1,PragerU
Franklin Roosevelt,3,PragerU
Otto!,7,PragerU
Yay,20,PragerU
Arlen,15,PragerU
Daniel,25,PragerU
King Darius,14,PragerU
Betsy Ross,18,PragerU
Abigail Adams,27,PragerU
Madison,88,PragerU
Harriet Tubman,5,PragerU
Harriet,13,PragerU
Woodman,5,PragerU
Craig,6,PragerU
Sarah,8,PragerU
Lieber,12,PragerU
Liberty,10,PragerU
Uncle Sam,201,PragerU
Betsy,21,PragerU
Elizabeth,5,PragerU
John Ross,10,PragerU
Ross,3,PragerU
Uncle Sam's,12,PragerU
wolf,28,PragerU
Otto the Dog,6,PragerU
Abby,13,PragerU
Jesus,2,PragerU
John F. Kennedy,6,PragerU
Jackie,25,PragerU
Medina,20,PragerU
King Alfred,11,PragerU
Greeks,3,PragerU
King Midas,12,PragerU
Midas,8,PragerU
Sam,57,PragerU
Francis Scott Key,10,PragerU
Dwight Eisenhower,4,PragerU
God,12,PragerU
Rabbit,19,PragerU
Billy Chipmunk,5,PragerU
Marshall,25,PragerU
John Marshall,3,PragerU
Thurgood Marshall,2,PragerU
Muir,11,PragerU
John Adams',2,PragerU
John,10,PragerU
Ellis,7,PragerU
Abigail,49,PragerU
Mary,14,PragerU
Woodrow Wilson,2,PragerU
Eleanor Roosevelt,1,PragerU
Ronald Reagan's,1,PragerU
Laura,21,PragerU
John Adams,74,PragerU
David,22,PragerU
Saul,12,PragerU
Goliath,12,PragerU
Isabella,3,PragerU
Douglas,7,PragerU
Thomas Edison,5,PragerU
Edison,11,PragerU
George W. Bush,15,PragerU
Bush,9,PragerU
Antiochus,11,PragerU
William Tell,22,PragerU
Gessler,24,PragerU
William Tell's,6,PragerU
King George,6,PragerU
George,39,PragerU
colonists,2,PragerU
Abraham Lincoln's,3,PragerU
Fisher,1,PragerU
Noah,79,PragerU
Teddy,9,PragerU
John Hancock,28,PragerU
Ben Franklin,1,PragerU
John Jay,4,PragerU
Benjamin Franklin,18,PragerU
Kenneth,18,PragerU
Kenny,8,PragerU
Nene,5,PragerU
Samuel,19,PragerU
Peter,45,PragerU
FDR,2,PragerU
Franklin D. Roosevelt,5,PragerU
Finna,8,PragerU
Roosevelt,9,PragerU
Pearl Harbor,3,PragerU
Acres,19,PragerU
Thomas Jefferson,70,PragerU
Hytale,8,PragerU
John Henry,31,PragerU
Chicken Little,15,PragerU
Ducky Lucky,10,PragerU
Goosey Lucy,9,PragerU
Turkey Lurky,12,PragerU
Foxy Locksy,6,PragerU
Lady Liberty,6,PragerU
Ratten,11,PragerU
Lady Liberty's,5,PragerU
Heights,16,PragerU
Snake,7,PragerU
Lewis,37,PragerU
William Clark,5,PragerU
Paul Bunyan,29,PragerU
Babe,10,PragerU
Swindler,13,PragerU
Jane,11,PragerU
Theodore Roosevelt,48,PragerU
Thomas Jefferson's,5,PragerU
Harry Truman,6,PragerU
Truman,15,PragerU
Neil,7,PragerU
Buzz,6,PragerU
Herbert,20,PragerU
Herbert Hoover,8,PragerU
Anderson,12,PragerU
James Madison,80,PragerU
Fox,6,PragerU
Squanto,8,PragerU
Guest,12,PragerU
Mess,43,PragerU
Theodore Roosevelt's,5,PragerU
Patriot Pop Quiz,56,PragerU
William McKinley,19,PragerU
Reagan,41,PragerU
Obama,4,PragerU
Taylor,37,PragerU
James Buchanan,25,PragerU
Dred Scott,1,PragerU
James Buchanan's,4,PragerU
Lorelai,20,PragerU
Andrew Jackson,46,PragerU
Franklin Pierce's,1,PragerU
Gary,18,PragerU
James Monroe,16,PragerU
John Quincy Adams,34,PragerU
Martin Van Buren,29,PragerU
Liam,16,PragerU
Jackson,28,PragerU
Hendrix,7,PragerU
Andrew Jackson's,1,PragerU
Yummy,8,PragerU
Marco,15,PragerU
Herb Brooks,20,PragerU
Sauerkraut,6,PragerU
Nah,5,PragerU
Elijah,63,PragerU
William McKinley's,3,PragerU
Flag Trophy,6,PragerU
Ethan,80,PragerU
Breck,12,PragerU
Hoover,4,PragerU
Harding,8,PragerU
Coolidge,5,PragerU
Warren G. Harding,2,PragerU
Calvin Coolidge,16,PragerU
Donald Trump,4,PragerU
Condoleezza Rice,23,PragerU
George H.W. Bush,8,PragerU
Amelie,5,PragerU
B. John Adams,5,PragerU
B. Thomas Jefferson,5,PragerU
Eww,7,PragerU
James,38,PragerU
Jaylin,5,PragerU
Anna,16,PragerU
Angela,11,PragerU
Sandra Day O'Connor,18,PragerU
Gore,1,PragerU
O'Connor,3,PragerU
Ronald Reagan,26,PragerU
George Bush,8,PragerU
Bill Clinton,3,PragerU
Barack Obama,1,PragerU
Alex,12,PragerU
Silas,8,PragerU
Alexander Hamilton,86,PragerU
Dwight D. Eisenhower,6,PragerU
Alexander Hamilton's,10,PragerU
James Madison's,5,PragerU
Lucy,21,PragerU
Amy Coney Barrett,9,PragerU
Barrett,16,PragerU
Trump,2,PragerU
Ruth Bader Ginsburg,1,PragerU
strawberry,6,PragerU
Scalia,1,PragerU
Sophia,57,PragerU
Frederick Douglass,4,PragerU
Jefferson,81,PragerU
Hudson,32,PragerU
Antonio,19,PragerU
Monticello,4,PragerU
George III,12,PragerU
Charlie,29,PragerU
Margaret Thatcher,7,PragerU
Thatcher,5,PragerU
Morgan,15,PragerU
Claire,83,PragerU
Megan,37,PragerU
Noa,10,PragerU
Golda Meir,19,PragerU
Ewww,22,PragerU
Aiden,21,PragerU
Oliver,19,PragerU
Andrew Mellon,8,PragerU
Ava,6,PragerU
A. Benjamin Franklin,5,PragerU
Simon,7,PragerU
Eva,10,PragerU
Monroe,17,PragerU
James Polk,17,PragerU
James K. Polk,4,PragerU
Paul Revere,26,PragerU
Jimmy,2,PragerU
John Tyler,39,PragerU
Hillary Clinton,1,PragerU
Lenoy Ashram,21,PragerU
Lenoy Ashram's,5,PragerU
Grover Cleveland,11,PragerU
Gerald Ford,39,PragerU
Nixon,15,PragerU
Eisenhower,1,PragerU
Kennedy,2,PragerU
Richard Nixon,6,PragerU
Josiah,87,PragerU
Teddy Roosevelt,7,PragerU
Melody,13,PragerU
Ariel,9,PragerU
Ulysses S. Grant,13,PragerU
Jones,1,PragerU
Grant,4,PragerU
Robert E. Lee,6,PragerU
Mark Twain,10,PragerU
Kira,10,PragerU
Shelby,8,PragerU
George W. Bush's,1,PragerU
Silly String,5,PragerU
Samantha,5,PragerU
Ayn Rand,11,PragerU
Ayn Rand's,6,PragerU
John Kennedy,1,PragerU
James A. Garfield,27,PragerU
Lyric,10,PragerU
Stalwarts,8,PragerU
Andrew Johnson,29,PragerU
Kinda,4,PragerU
Yuen,12,PragerU
William Henry Harrison,29,PragerU
Harrison,13,PragerU
Johnny,45,PragerU
Benjamin Harrison,15,PragerU
William Tecumseh Sherman,1,PragerU
Sherman,2,PragerU
Albert,12,PragerU
Henry,21,PragerU
Solomon,5,PragerU
Harry,1,PragerU
Andrew,5,PragerU
Winston Churchill,2,PragerU
Chester A. Arthur,5,PragerU
Arthur,21,PragerU
James Garfield,1,PragerU
Garfield,3,PragerU
Chester Arthur,1,PragerU
Andrew Carnegie,11,PragerU
Lincoln,4,PragerU
Jace,22,PragerU
Levi,60,PragerU
Cornelius Vanderbilt,4,PragerU
Vanderbilt,17,PragerU
Joe,2,PragerU
William Henry Harrison's,5,PragerU
Benjamin,2,PragerU
Millard Fillmore,8,PragerU
George Bush's,2,PragerU
Jimmy Carter,1,PragerU
Rutherford B. Hayes,16,PragerU
Quartz,7,PragerU
Hayes,17,PragerU
Tom Sawyer,6,PragerU
Huckleberry Finn,5,PragerU
Porter,16,PragerU
Schwab,32,PragerU
J.P. Morgan,1,PragerU
Crockett,11,PragerU
Joshua,14,PragerU
Ali,9,PragerU
George P. Mitchell,23,PragerU
John D. Rockefeller,16,PragerU
John D. Rockefeller's,7,PragerU
William,16,PragerU
Andrew Johnson's,3,PragerU
B.,4,PragerU
John Wilkes Booth,1,PragerU
William Seward,1,PragerU
Scarlett,10,PragerU
Aria,5,PragerU
Grover,2,PragerU
Thomas Paine,2,PragerU
Patrick Henry,3,PragerU
Fillmore,9,PragerU
Declan,5,PragerU
Zachary Taylor,33,PragerU
Northerners,2,PragerU
Zachary Taylor's,4,PragerU
Katen,10,PragerU
Winfield Scott,1,PragerU
King John,3,PragerU
Ta-da,13,PragerU
Amelia Earhart,4,PragerU
Crafts History,18,PragerU
Lyndon B. Johnson,2,PragerU
Martin Luther King Jr.'s,2,PragerU
Clark,3,PragerU
Fred Harvey,14,PragerU
Fred Harvey's,5,PragerU
Push,1,PragerU
George Washington Carver,22,PragerU
Street Smarts,48,PragerU
Maya,6,PragerU
Abe Lincoln,1,PragerU
Diego,6,PragerU
Bennett,4,PragerU
Street Smart,33,PragerU
Selena,12,PragerU
Selena Lewis,11,PragerU
Mateo,5,PragerU
George III's,5,PragerU
Dan,2,PragerU
Richard,5,PragerU
Amelia,4,PragerU
Chex,13,PragerU
Kyla,5,PragerU
Leo,297,PragerU
Luke,3,PragerU
Street Smart's,18,PragerU
Senna,5,PragerU
Clinton,9,PragerU
Chris,19,PragerU
Hamilton,16,PragerU
Michael,6,PragerU
Christina,17,PragerU
Riley,6,PragerU
Timothy,14,PragerU
Rocco,14,PragerU
Jason,5,PragerU
Jacob,6,PragerU
Sebastian,5,PragerU
Phil,1,PragerU
Bill,4,PragerU
Kate,5,PragerU
Selena Lois,7,PragerU
Gianna,5,PragerU
Jordan,4,PragerU
William Howard Taft,1,PragerU
Brian,8,PragerU
B. Congress,5,PragerU
Contestant,6,PragerU
Maddie,12,PragerU
Amy,10,PragerU
Max,5,PragerU
Everett,3,PragerU
max,4,PragerU
McKenna,6,PragerU
B. Coining,6,PragerU
Leila,35,PragerU
Amerigo Vespucci,6,PragerU
Vespucci,6,PragerU
Molly Pitcher,6,PragerU
Molly,1,PragerU
Jesus Christ,1,PragerU
Hitler,3,PragerU
Layla,14,PragerU
Robert E. Wright,5,PragerU
Robert,12,PragerU
Moore,7,PragerU
Wright,8,PragerU
Munamori,5,PragerU
Franklin Delano Roosevelt,1,PragerU
Hailey Johnson,8,PragerU
Martin Luther King's,13,PragerU
Booker T. Washington,1,PragerU
Franklin,11,PragerU
Churchill,5,PragerU
Elizabeth Blackwell,30,PragerU
Elizabeth Blackwell's,7,PragerU
Susan B. Anthony,9,PragerU
Montesquieu,9,PragerU
Desi,5,PragerU
Captain Clark,7,PragerU
Maria,8,PragerU
Adams,30,PragerU
Marbury,1,PragerU
Robert E. Lee's,1,PragerU
Ida B. Wells,24,PragerU
Wells,6,PragerU
Strauss,2,PragerU
Teddy Roosevelt's,1,PragerU
Miller,3,PragerU
Clara Barton,5,PragerU
Bob,1,PragerU
Douglass,2,PragerU
William Lloyd Garrison,1,PragerU
Zaheer,12,PragerU
Bannaker,9,PragerU
Tom,26,PragerU
Huck,36,PragerU
Twain,7,PragerU
Braddock,1,PragerU
Laura Ingalls Wilder,5,PragerU
Hooray,1,PragerU
John Smith,1,PragerU
Jamestown,1,PragerU
